{
    "timestamp": "2025-04-27T22:44:37.992450",
    "epoch": 29,
    "loss": 0.8028107482851485,
    "signal": 0.1015754829113541
}