{
    "timestamp": "2025-04-26T00:03:18.557161",
    "epoch": 4,
    "loss": 4.021765958434371,
    "signal": 0.0
}