{
    "timestamp": "2025-04-25T20:02:45.497445",
    "epoch": 100,
    "loss": 1593.2635728225534,
    "signal": 0.7025639367978188,
    "dt": 7.000000000000001e-06
}