{
    "timestamp": "2025-04-28T14:38:07.988744",
    "epoch": 299,
    "loss": -0.5388038546596998,
    "signal": 0.6824558911876886
}