{
    "timestamp": "2025-04-21T13:44:36.646969",
    "epoch": 199,
    "loss": -0.8385227493743345,
    "signal": 0.9642470414860733
}