{
    "timestamp": "2025-04-21T17:26:39.048829",
    "epoch": 499,
    "loss": -0.9107018892509424,
    "signal": 0.9814646276060917
}