{
    "timestamp": "2025-04-22T23:25:56.125875",
    "epoch": 499,
    "loss": -0.7633874103118155,
    "signal": 0.9283461016668395
}