{
    "timestamp": "2025-04-25T20:50:11.581356",
    "epoch": 199,
    "loss": -0.7181414964197542,
    "signal": 0.7186117587371303
}