{
    "timestamp": "2025-02-28T14:31:50.316657",
    "epoch": 0,
    "loss": -0.00026558227757263035,
    "signal": 0.00026558227757263035
}