{
    "timestamp": "2025-02-25T18:27:03.562710",
    "epoch": 9,
    "loss": -0.00023692579026908522,
    "signal": 0.00023692579026908522
}