{
    "timestamp": "2025-02-25T23:42:53.956497",
    "epoch": 9,
    "loss": -0.1071515600181711,
    "signal": 0.1071515600181711
}