{
    "timestamp": "2025-04-28T14:55:05.257620",
    "epoch": 399,
    "loss": -0.562561495450035,
    "signal": 0.6904686920913098
}