{
    "timestamp": "2025-04-28T15:10:47.376180",
    "epoch": 599,
    "loss": -0.586367805799148,
    "signal": 0.6944648801416231
}