{
    "timestamp": "2025-04-28T14:12:52.492525",
    "epoch": 199,
    "loss": -0.5092364814286259,
    "signal": 0.6415375933790912
}