{
    "timestamp": "2025-04-26T18:10:16.183903",
    "epoch": 0,
    "loss": -0.00027178351498361006,
    "signal": 0.00027178364863306636
}